{
  "Configs": [
    {
      "Id": "35df1a7eb7e843d1a572304d598e29fe",
      "server": "rz5l35ndyg3o.nodelist.club",
      "Server_Port": 1301,
      "Server_Udp_Port": 0,
      "Password": "MAYING",
      "Method": "chacha20-ietf",
      "Protocol": "auth_aes128_md5",
      "ProtocolParam": "12022:lzRhin",
      "obfs": "plain",
      "ObfsParam": "",
      "Remarks_Base64": "VjMwMVUtMVgtQkdQLUhLLU5G",
      "Group": "MAYING",
      "SubTag": "spp",
      "Enable": true,
      "UdpOverTcp": false
    },
    {
      "Id": "372882e25ba04148924c31e53e036b50",
      "server": "rz5l35ndyg3o.nodelist.club",
      "Server_Port": 1302,
      "Server_Udp_Port": 0,
      "Password": "MAYING",
      "Method": "chacha20-ietf",
      "Protocol": "auth_aes128_md5",
      "ProtocolParam": "12022:lzRhin",
      "obfs": "plain",
      "ObfsParam": "",
      "Remarks_Base64": "VjMwMlUtMVgtQkdQLUhLLU5G",
      "Group": "MAYING",
      "SubTag": "spp",
      "Enable": true,
      "UdpOverTcp": false
    },
    {
      "Id": "719c3f9aeef04b248a53aaa3f0858f22",
      "server": "rz5l35ndyg3o.nodelist.club",
      "Server_Port": 1303,
      "Server_Udp_Port": 0,
      "Password": "MAYING",
      "Method": "chacha20-ietf",
      "Protocol": "auth_aes128_md5",
      "ProtocolParam": "12022:lzRhin",
      "obfs": "plain",
      "ObfsParam": "",
      "Remarks_Base64": "VjMwM1UtMVgtQkdQLUhLLU5G",
      "Group": "MAYING",
      "SubTag": "spp",
      "Enable": true,
      "UdpOverTcp": false
    },
    {
      "Id": "49f09e4ec1064182bbb498a2946e6ac7",
      "server": "rz5l35ndyg3o.nodelist.club",
      "Server_Port": 1304,
      "Server_Udp_Port": 0,
      "Password": "MAYING",
      "Method": "chacha20-ietf",
      "Protocol": "auth_aes128_md5",
      "ProtocolParam": "12022:lzRhin",
      "obfs": "plain",
      "ObfsParam": "",
      "Remarks_Base64": "VjMwNFUtMVgtQkdQLUhLLU5G",
      "Group": "MAYING",
      "SubTag": "spp",
      "Enable": true,
      "UdpOverTcp": false
    },
    {
      "Id": "85b8604c4c1c4c3fb764de1f2be1002f",
      "server": "rz5l35ndyg3o.nodelist.club",
      "Server_Port": 1305,
      "Server_Udp_Port": 0,
      "Password": "MAYING",
      "Method": "chacha20-ietf",
      "Protocol": "auth_aes128_md5",
      "ProtocolParam": "12022:lzRhin",
      "obfs": "plain",
      "ObfsParam": "",
      "Remarks_Base64": "VjMwNVUtMVgtQkdQLUhLLU5G",
      "Group": "MAYING",
      "SubTag": "spp",
      "Enable": true,
      "UdpOverTcp": false
    },
    {
      "Id": "308882380c4a422fb847505cac5fd381",
      "server": "rz5l35ndyg3o.nodelist.club",
      "Server_Port": 1306,
      "Server_Udp_Port": 0,
      "Password": "MAYING",
      "Method": "chacha20-ietf",
      "Protocol": "auth_aes128_md5",
      "ProtocolParam": "12022:lzRhin",
      "obfs": "plain",
      "ObfsParam": "",
      "Remarks_Base64": "VjMwNlUtMVgtQkdQLUhLLU5G",
      "Group": "MAYING",
      "SubTag": "spp",
      "Enable": true,
      "UdpOverTcp": false
    },
    {
      "Id": "57433172315f4b89aa7ea0d379c8cb86",
      "server": "rz5l35ndyg3o.nodelist.club",
      "Server_Port": 1307,
      "Server_Udp_Port": 0,
      "Password": "MAYING",
      "Method": "chacha20-ietf",
      "Protocol": "auth_aes128_md5",
      "ProtocolParam": "12022:lzRhin",
      "obfs": "plain",
      "ObfsParam": "",
      "Remarks_Base64": "VjMwN1UtMVgtQkdQLUhLLU5G",
      "Group": "MAYING",
      "SubTag": "spp",
      "Enable": true,
      "UdpOverTcp": false
    },
    {
      "Id": "453d5009424d4a30b90458ff71de63dd",
      "server": "rz5l35ndyg3o.nodelist.club",
      "Server_Port": 1308,
      "Server_Udp_Port": 0,
      "Password": "MAYING",
      "Method": "chacha20-ietf",
      "Protocol": "auth_aes128_md5",
      "ProtocolParam": "12022:lzRhin",
      "obfs": "plain",
      "ObfsParam": "",
      "Remarks_Base64": "VjMwOFUtMVgtQkdQLUhLLU5G",
      "Group": "MAYING",
      "SubTag": "spp",
      "Enable": true,
      "UdpOverTcp": false
    },
    {
      "Id": "e205fc59d5484bc3be7ac7d9a8384719",
      "server": "rz5l35ndyg3o.nodelist.club",
      "Server_Port": 1309,
      "Server_Udp_Port": 0,
      "Password": "MAYING",
      "Method": "chacha20-ietf",
      "Protocol": "auth_aes128_md5",
      "ProtocolParam": "12022:lzRhin",
      "obfs": "plain",
      "ObfsParam": "",
      "Remarks_Base64": "VjMwOVUtMVgtQkdQLUhLLU5G",
      "Group": "MAYING",
      "SubTag": "spp",
      "Enable": true,
      "UdpOverTcp": false
    },
    {
      "Id": "e1d35b0136ff4e05bbef7c16d3fe504d",
      "server": "rz5l35ndyg3o.nodelist.club",
      "Server_Port": 1310,
      "Server_Udp_Port": 0,
      "Password": "MAYING",
      "Method": "chacha20-ietf",
      "Protocol": "auth_aes128_md5",
      "ProtocolParam": "12022:lzRhin",
      "obfs": "plain",
      "ObfsParam": "",
      "Remarks_Base64": "VjMxMFUtMVgtQkdQLUhLLU5G",
      "Group": "MAYING",
      "SubTag": "spp",
      "Enable": true,
      "UdpOverTcp": false
    },
    {
      "Id": "2e47be1d46ed4aaaaf2f3d3a04d8e1c0",
      "server": "wd36a6wv50l8.nodelist.club",
      "Server_Port": 1320,
      "Server_Udp_Port": 0,
      "Password": "MAYING",
      "Method": "chacha20-ietf",
      "Protocol": "auth_aes128_md5",
      "ProtocolParam": "12022:lzRhin",
      "obfs": "plain",
      "ObfsParam": "",
      "Remarks_Base64": "VjMyMFUtMlgtQkdQLUhLLU5G",
      "Group": "MAYING",
      "SubTag": "spp",
      "Enable": true,
      "UdpOverTcp": false
    },
    {
      "Id": "f8435e9eae51449493003b5b6098f373",
      "server": "wd36a6wv50l8.nodelist.club",
      "Server_Port": 1321,
      "Server_Udp_Port": 0,
      "Password": "MAYING",
      "Method": "chacha20-ietf",
      "Protocol": "auth_aes128_md5",
      "ProtocolParam": "12022:lzRhin",
      "obfs": "plain",
      "ObfsParam": "",
      "Remarks_Base64": "VjMyMVUtMlgtQkdQLUhLLU5G",
      "Group": "MAYING",
      "SubTag": "spp",
      "Enable": true,
      "UdpOverTcp": false
    },
    {
      "Id": "5e211e79b8e44cd7ab615f1f1ec5a30d",
      "server": "wd36a6wv50l8.nodelist.club",
      "Server_Port": 1322,
      "Server_Udp_Port": 0,
      "Password": "MAYING",
      "Method": "chacha20-ietf",
      "Protocol": "auth_aes128_md5",
      "ProtocolParam": "12022:lzRhin",
      "obfs": "plain",
      "ObfsParam": "",
      "Remarks_Base64": "VjMyMlUtMlgtQkdQLUhLLU5G",
      "Group": "MAYING",
      "SubTag": "spp",
      "Enable": true,
      "UdpOverTcp": false
    },
    {
      "Id": "73bb34bb55ca4aa2985c151d3ac5ca1f",
      "server": "wd36a6wv50l8.nodelist.club",
      "Server_Port": 1323,
      "Server_Udp_Port": 0,
      "Password": "MAYING",
      "Method": "chacha20-ietf",
      "Protocol": "auth_aes128_md5",
      "ProtocolParam": "12022:lzRhin",
      "obfs": "plain",
      "ObfsParam": "",
      "Remarks_Base64": "VjMyM1UtMlgtQkdQLUhLLU5G",
      "Group": "MAYING",
      "SubTag": "spp",
      "Enable": true,
      "UdpOverTcp": false
    },
    {
      "Id": "5c258ba055644510816c73661c8cb586",
      "server": "no76iw5mgt3b.nodelist.club",
      "Server_Port": 1326,
      "Server_Udp_Port": 0,
      "Password": "MAYING",
      "Method": "chacha20-ietf",
      "Protocol": "auth_aes128_md5",
      "ProtocolParam": "12022:lzRhin",
      "obfs": "plain",
      "ObfsParam": "",
      "Remarks_Base64": "VjMyNlUtNFgtQkdQLUhLLU5G",
      "Group": "MAYING",
      "SubTag": "spp",
      "Enable": true,
      "UdpOverTcp": false
    },
    {
      "Id": "9ca4931b4f784d4dad4e83f6d5088b4b",
      "server": "no76iw5mgt3b.nodelist.club",
      "Server_Port": 1327,
      "Server_Udp_Port": 0,
      "Password": "MAYING",
      "Method": "chacha20-ietf",
      "Protocol": "auth_aes128_md5",
      "ProtocolParam": "12022:lzRhin",
      "obfs": "plain",
      "ObfsParam": "",
      "Remarks_Base64": "VjMyN1UtNFgtQkdQLUhLLU5G",
      "Group": "MAYING",
      "SubTag": "spp",
      "Enable": true,
      "UdpOverTcp": false
    },
    {
      "Id": "2d882f7d5246487fb2f0e0c64d22058c",
      "server": "no76iw5mgt3b.nodelist.club",
      "Server_Port": 1328,
      "Server_Udp_Port": 0,
      "Password": "MAYING",
      "Method": "chacha20-ietf",
      "Protocol": "auth_aes128_md5",
      "ProtocolParam": "12022:lzRhin",
      "obfs": "plain",
      "ObfsParam": "",
      "Remarks_Base64": "VjMyOFUtNFgtQkdQLUhLLU5G",
      "Group": "MAYING",
      "SubTag": "spp",
      "Enable": true,
      "UdpOverTcp": false
    },
    {
      "Id": "6232dc7c9b4d4a80bbef34d01bb8bff7",
      "server": "no76iw5mgt3b.nodelist.club",
      "Server_Port": 1329,
      "Server_Udp_Port": 0,
      "Password": "MAYING",
      "Method": "chacha20-ietf",
      "Protocol": "auth_aes128_md5",
      "ProtocolParam": "12022:lzRhin",
      "obfs": "plain",
      "ObfsParam": "",
      "Remarks_Base64": "VjMyOVUtNFgtQkdQLUhLLU5G",
      "Group": "MAYING",
      "SubTag": "spp",
      "Enable": true,
      "UdpOverTcp": false
    },
    {
      "Id": "476d5655eeb545eeb9c55e9af94dc543",
      "server": "ijmazhr5972b.nodelist.club",
      "Server_Port": 1332,
      "Server_Udp_Port": 0,
      "Password": "MAYING",
      "Method": "chacha20-ietf",
      "Protocol": "auth_aes128_md5",
      "ProtocolParam": "12022:lzRhin",
      "obfs": "plain",
      "ObfsParam": "",
      "Remarks_Base64": "VjMzMlUtMVgtQkdQLUpQLU5G",
      "Group": "MAYING",
      "SubTag": "spp",
      "Enable": true,
      "UdpOverTcp": false
    },
    {
      "Id": "1f1746026df7411fa790489c3ee8cb47",
      "server": "ijmazhr5972b.nodelist.club",
      "Server_Port": 1333,
      "Server_Udp_Port": 0,
      "Password": "MAYING",
      "Method": "chacha20-ietf",
      "Protocol": "auth_aes128_md5",
      "ProtocolParam": "12022:lzRhin",
      "obfs": "plain",
      "ObfsParam": "",
      "Remarks_Base64": "VjMzM1UtMVgtQkdQLUpQLU5G",
      "Group": "MAYING",
      "SubTag": "spp",
      "Enable": true,
      "UdpOverTcp": false
    },
    {
      "Id": "ae29d95eedd3432aa92e278184f74db2",
      "server": "ijmazhr5972b.nodelist.club",
      "Server_Port": 1334,
      "Server_Udp_Port": 0,
      "Password": "MAYING",
      "Method": "chacha20-ietf",
      "Protocol": "auth_aes128_md5",
      "ProtocolParam": "12022:lzRhin",
      "obfs": "plain",
      "ObfsParam": "",
      "Remarks_Base64": "VjMzNFUtMVgtQkdQLUpQLU5G",
      "Group": "MAYING",
      "SubTag": "spp",
      "Enable": true,
      "UdpOverTcp": false
    },
    {
      "Id": "b2cc20cd49584f3aad946581c349e274",
      "server": "ijmazhr5972b.nodelist.club",
      "Server_Port": 1335,
      "Server_Udp_Port": 0,
      "Password": "MAYING",
      "Method": "chacha20-ietf",
      "Protocol": "auth_aes128_md5",
      "ProtocolParam": "12022:lzRhin",
      "obfs": "plain",
      "ObfsParam": "",
      "Remarks_Base64": "VjMzNVUtMVgtQkdQLUpQLU5G",
      "Group": "MAYING",
      "SubTag": "spp",
      "Enable": true,
      "UdpOverTcp": false
    },
    {
      "Id": "c7e9124062b049e99ef99f46f610bf9b",
      "server": "ijmazhr5972b.nodelist.club",
      "Server_Port": 1336,
      "Server_Udp_Port": 0,
      "Password": "MAYING",
      "Method": "chacha20-ietf",
      "Protocol": "auth_aes128_md5",
      "ProtocolParam": "12022:lzRhin",
      "obfs": "plain",
      "ObfsParam": "",
      "Remarks_Base64": "VjMzNlUtMlgtQkdQLUpQLU5G",
      "Group": "MAYING",
      "SubTag": "spp",
      "Enable": true,
      "UdpOverTcp": false
    },
    {
      "Id": "24772724c44b46dcb4ee5786bf14619d",
      "server": "ijmazhr5972b.nodelist.club",
      "Server_Port": 1337,
      "Server_Udp_Port": 0,
      "Password": "MAYING",
      "Method": "chacha20-ietf",
      "Protocol": "auth_aes128_md5",
      "ProtocolParam": "12022:lzRhin",
      "obfs": "plain",
      "ObfsParam": "",
      "Remarks_Base64": "VjMzN1UtMlgtQkdQLUpQLU5G",
      "Group": "MAYING",
      "SubTag": "spp",
      "Enable": true,
      "UdpOverTcp": false
    },
    {
      "Id": "bed221b11e21490ca81aa1d0f145494d",
      "server": "ijmazhr5972b.nodelist.club",
      "Server_Port": 1338,
      "Server_Udp_Port": 0,
      "Password": "MAYING",
      "Method": "chacha20-ietf",
      "Protocol": "auth_aes128_md5",
      "ProtocolParam": "12022:lzRhin",
      "obfs": "plain",
      "ObfsParam": "",
      "Remarks_Base64": "VjMzOFUtMlgtQkdQLUpQLU5G",
      "Group": "MAYING",
      "SubTag": "spp",
      "Enable": true,
      "UdpOverTcp": false
    },
    {
      "Id": "8b07f41c5f0b4849a12f1b7708eaa931",
      "server": "ijmazhr5972b.nodelist.club",
      "Server_Port": 1339,
      "Server_Udp_Port": 0,
      "Password": "MAYING",
      "Method": "chacha20-ietf",
      "Protocol": "auth_aes128_md5",
      "ProtocolParam": "12022:lzRhin",
      "obfs": "plain",
      "ObfsParam": "",
      "Remarks_Base64": "VjMzOVUtMlgtQkdQLUpQLU5G",
      "Group": "MAYING",
      "SubTag": "spp",
      "Enable": true,
      "UdpOverTcp": false
    },
    {
      "Id": "88c62f255ae0479bbbc29f22b4e6392c",
      "server": "rz5l35ndyg3o.nodelist.club",
      "Server_Port": 1350,
      "Server_Udp_Port": 0,
      "Password": "MAYING",
      "Method": "chacha20-ietf",
      "Protocol": "auth_aes128_md5",
      "ProtocolParam": "12022:lzRhin",
      "obfs": "plain",
      "ObfsParam": "",
      "Remarks_Base64": "VjM1MFUtMVgtQkdQLVNHLU5G",
      "Group": "MAYING",
      "SubTag": "spp",
      "Enable": true,
      "UdpOverTcp": false
    },
    {
      "Id": "efe62c8773114537a5d1e7950cec693e",
      "server": "rz5l35ndyg3o.nodelist.club",
      "Server_Port": 1351,
      "Server_Udp_Port": 0,
      "Password": "MAYING",
      "Method": "chacha20-ietf",
      "Protocol": "auth_aes128_md5",
      "ProtocolParam": "12022:lzRhin",
      "obfs": "plain",
      "ObfsParam": "",
      "Remarks_Base64": "VjM1MVUtMVgtQkdQLVNHLU5G",
      "Group": "MAYING",
      "SubTag": "spp",
      "Enable": true,
      "UdpOverTcp": false
    },
    {
      "Id": "14dea919f6cf4276add1f70504af3d0f",
      "server": "rz5l35ndyg3o.nodelist.club",
      "Server_Port": 1352,
      "Server_Udp_Port": 0,
      "Password": "MAYING",
      "Method": "chacha20-ietf",
      "Protocol": "auth_aes128_md5",
      "ProtocolParam": "12022:lzRhin",
      "obfs": "plain",
      "ObfsParam": "",
      "Remarks_Base64": "VjM1MlUtMVgtQkdQLVNHLU5G",
      "Group": "MAYING",
      "SubTag": "spp",
      "Enable": true,
      "UdpOverTcp": false
    },
    {
      "Id": "3a787b86de4b4b708a4a55b0d87e0d5e",
      "server": "rz5l35ndyg3o.nodelist.club",
      "Server_Port": 1353,
      "Server_Udp_Port": 0,
      "Password": "MAYING",
      "Method": "chacha20-ietf",
      "Protocol": "auth_aes128_md5",
      "ProtocolParam": "12022:lzRhin",
      "obfs": "plain",
      "ObfsParam": "",
      "Remarks_Base64": "VjM1M1UtMVgtQkdQLVNHLU5G",
      "Group": "MAYING",
      "SubTag": "spp",
      "Enable": true,
      "UdpOverTcp": false
    },
    {
      "Id": "37210da4247e40e086ebc25a7da1e29d",
      "server": "wd36a6wv50l8.nodelist.club",
      "Server_Port": 1354,
      "Server_Udp_Port": 0,
      "Password": "MAYING",
      "Method": "chacha20-ietf",
      "Protocol": "auth_aes128_md5",
      "ProtocolParam": "12022:lzRhin",
      "obfs": "plain",
      "ObfsParam": "",
      "Remarks_Base64": "VjM1NFUtMlgtQkdQLVNHLU5G",
      "Group": "MAYING",
      "SubTag": "spp",
      "Enable": true,
      "UdpOverTcp": false
    },
    {
      "Id": "bca64862850f47ed85fd8bb432213425",
      "server": "wd36a6wv50l8.nodelist.club",
      "Server_Port": 1355,
      "Server_Udp_Port": 0,
      "Password": "MAYING",
      "Method": "chacha20-ietf",
      "Protocol": "auth_aes128_md5",
      "ProtocolParam": "12022:lzRhin",
      "obfs": "plain",
      "ObfsParam": "",
      "Remarks_Base64": "VjM1NVUtMlgtQkdQLVNHLU5G",
      "Group": "MAYING",
      "SubTag": "spp",
      "Enable": true,
      "UdpOverTcp": false
    },
    {
      "Id": "49679cd50831498a888be9d4a7236742",
      "server": "wd36a6wv50l8.nodelist.club",
      "Server_Port": 1356,
      "Server_Udp_Port": 0,
      "Password": "MAYING",
      "Method": "chacha20-ietf",
      "Protocol": "auth_aes128_md5",
      "ProtocolParam": "12022:lzRhin",
      "obfs": "plain",
      "ObfsParam": "",
      "Remarks_Base64": "VjM1NlUtMlgtQkdQLVNHLU5G",
      "Group": "MAYING",
      "SubTag": "spp",
      "Enable": true,
      "UdpOverTcp": false
    },
    {
      "Id": "1444b76866374817896a7ee8ba221bef",
      "server": "wd36a6wv50l8.nodelist.club",
      "Server_Port": 1357,
      "Server_Udp_Port": 0,
      "Password": "MAYING",
      "Method": "chacha20-ietf",
      "Protocol": "auth_aes128_md5",
      "ProtocolParam": "12022:lzRhin",
      "obfs": "plain",
      "ObfsParam": "",
      "Remarks_Base64": "VjM1N1UtMlgtQkdQLVNHLU5G",
      "Group": "MAYING",
      "SubTag": "spp",
      "Enable": true,
      "UdpOverTcp": false
    },
    {
      "Id": "5d4c128690904f4093cf4281829eb20c",
      "server": "no76iw5mgt3b.nodelist.club",
      "Server_Port": 1358,
      "Server_Udp_Port": 0,
      "Password": "MAYING",
      "Method": "chacha20-ietf",
      "Protocol": "auth_aes128_md5",
      "ProtocolParam": "12022:lzRhin",
      "obfs": "plain",
      "ObfsParam": "",
      "Remarks_Base64": "VjM1OFUtNFgtQkdQLVNHLU5G",
      "Group": "MAYING",
      "SubTag": "spp",
      "Enable": true,
      "UdpOverTcp": false
    },
    {
      "Id": "7b4d7bf1188748229bc989337b18cde7",
      "server": "no76iw5mgt3b.nodelist.club",
      "Server_Port": 1359,
      "Server_Udp_Port": 0,
      "Password": "MAYING",
      "Method": "chacha20-ietf",
      "Protocol": "auth_aes128_md5",
      "ProtocolParam": "12022:lzRhin",
      "obfs": "plain",
      "ObfsParam": "",
      "Remarks_Base64": "VjM1OVUtNFgtQkdQLVNHLU5G",
      "Group": "MAYING",
      "SubTag": "spp",
      "Enable": true,
      "UdpOverTcp": false
    },
    {
      "Id": "dc8bde93a62c4ddfb7350efa0cec517b",
      "server": "wd36a6wv50l8.nodelist.club",
      "Server_Port": 1370,
      "Server_Udp_Port": 0,
      "Password": "MAYING",
      "Method": "chacha20-ietf",
      "Protocol": "auth_aes128_md5",
      "ProtocolParam": "12022:lzRhin",
      "obfs": "plain",
      "ObfsParam": "",
      "Remarks_Base64": "VjM3MFUtMlgtQkdQLVRXLU5G",
      "Group": "MAYING",
      "SubTag": "spp",
      "Enable": true,
      "UdpOverTcp": false
    },
    {
      "Id": "2f0913646adb4c468db7db080c2113bd",
      "server": "wd36a6wv50l8.nodelist.club",
      "Server_Port": 1371,
      "Server_Udp_Port": 0,
      "Password": "MAYING",
      "Method": "chacha20-ietf",
      "Protocol": "auth_aes128_md5",
      "ProtocolParam": "12022:lzRhin",
      "obfs": "plain",
      "ObfsParam": "",
      "Remarks_Base64": "VjM3MVUtMlgtQkdQLVRXLU5G",
      "Group": "MAYING",
      "SubTag": "spp",
      "Enable": true,
      "UdpOverTcp": false
    },
    {
      "Id": "7533c21109314b9f8cc48aa19debee6c",
      "server": "vzhv7a3igc.nodelist.club",
      "Server_Port": 1380,
      "Server_Udp_Port": 0,
      "Password": "MAYING",
      "Method": "chacha20-ietf",
      "Protocol": "auth_aes128_md5",
      "ProtocolParam": "12022:lzRhin",
      "obfs": "plain",
      "ObfsParam": "",
      "Remarks_Base64": "VjM4MFUtMVgtQkdQLVVTLU5G",
      "Group": "MAYING",
      "SubTag": "spp",
      "Enable": true,
      "UdpOverTcp": false
    },
    {
      "Id": "31c8dc1917844989892bb2abcce530b3",
      "server": "vzhv7a3igc.nodelist.club",
      "Server_Port": 1381,
      "Server_Udp_Port": 0,
      "Password": "MAYING",
      "Method": "chacha20-ietf",
      "Protocol": "auth_aes128_md5",
      "ProtocolParam": "12022:lzRhin",
      "obfs": "plain",
      "ObfsParam": "",
      "Remarks_Base64": "VjM4MVUtMVgtQkdQLVVTLU5G",
      "Group": "MAYING",
      "SubTag": "spp",
      "Enable": true,
      "UdpOverTcp": false
    },
    {
      "Id": "996d48076de14a5883a043062dcfd74f",
      "server": "vzhv7a3igc.nodelist.club",
      "Server_Port": 1382,
      "Server_Udp_Port": 0,
      "Password": "MAYING",
      "Method": "chacha20-ietf",
      "Protocol": "auth_aes128_md5",
      "ProtocolParam": "12022:lzRhin",
      "obfs": "plain",
      "ObfsParam": "",
      "Remarks_Base64": "VjM4MlUtMVgtQkdQLVVTLU5G",
      "Group": "MAYING",
      "SubTag": "spp",
      "Enable": true,
      "UdpOverTcp": false
    },
    {
      "Id": "377a3e7b3c564fdc8d192cd619e864dc",
      "server": "vzhv7a3igc.nodelist.club",
      "Server_Port": 1383,
      "Server_Udp_Port": 0,
      "Password": "MAYING",
      "Method": "chacha20-ietf",
      "Protocol": "auth_aes128_md5",
      "ProtocolParam": "12022:lzRhin",
      "obfs": "plain",
      "ObfsParam": "",
      "Remarks_Base64": "VjM4M1UtMVgtQkdQLVVTLU5G",
      "Group": "MAYING",
      "SubTag": "spp",
      "Enable": true,
      "UdpOverTcp": false
    },
    {
      "Id": "ddda0428d987439a818c07c3ad462767",
      "server": "vzhv7a3igc.nodelist.club",
      "Server_Port": 1386,
      "Server_Udp_Port": 0,
      "Password": "MAYING",
      "Method": "chacha20-ietf",
      "Protocol": "auth_aes128_md5",
      "ProtocolParam": "12022:lzRhin",
      "obfs": "plain",
      "ObfsParam": "",
      "Remarks_Base64": "VjM4NlUtMlgtQkdQLVVTLU5G",
      "Group": "MAYING",
      "SubTag": "spp",
      "Enable": true,
      "UdpOverTcp": false
    },
    {
      "Id": "6fcca9618fc1400ca309dcfeef3e19ff",
      "server": "vzhv7a3igc.nodelist.club",
      "Server_Port": 1387,
      "Server_Udp_Port": 0,
      "Password": "MAYING",
      "Method": "chacha20-ietf",
      "Protocol": "auth_aes128_md5",
      "ProtocolParam": "12022:lzRhin",
      "obfs": "plain",
      "ObfsParam": "",
      "Remarks_Base64": "VjM4N1UtMlgtQkdQLVVTLU5G",
      "Group": "MAYING",
      "SubTag": "spp",
      "Enable": true,
      "UdpOverTcp": false
    },
    {
      "Id": "8529261883e44b3e9c2829dc2a1db3b9",
      "server": "vzhv7a3igc.nodelist.club",
      "Server_Port": 1388,
      "Server_Udp_Port": 0,
      "Password": "MAYING",
      "Method": "chacha20-ietf",
      "Protocol": "auth_aes128_md5",
      "ProtocolParam": "12022:lzRhin",
      "obfs": "plain",
      "ObfsParam": "",
      "Remarks_Base64": "VjM4OFUtMlgtQkdQLVVTLU5G",
      "Group": "MAYING",
      "SubTag": "spp",
      "Enable": true,
      "UdpOverTcp": false
    },
    {
      "Id": "cfa148399a9b49bf87e1eb6d5631aad8",
      "server": "vzhv7a3igc.nodelist.club",
      "Server_Port": 1389,
      "Server_Udp_Port": 0,
      "Password": "MAYING",
      "Method": "chacha20-ietf",
      "Protocol": "auth_aes128_md5",
      "ProtocolParam": "12022:lzRhin",
      "obfs": "plain",
      "ObfsParam": "",
      "Remarks_Base64": "VjM4OVUtMlgtQkdQLVVTLU5G",
      "Group": "MAYING",
      "SubTag": "spp",
      "Enable": true,
      "UdpOverTcp": false
    },
    {
      "Id": "19b4dd8591814a87b03b61f30ac5eef2",
      "server": "ijmazhr5972b.nodelist.club",
      "Server_Port": 1393,
      "Server_Udp_Port": 0,
      "Password": "MAYING",
      "Method": "chacha20-ietf",
      "Protocol": "auth_aes128_md5",
      "ProtocolParam": "12022:lzRhin",
      "obfs": "plain",
      "ObfsParam": "",
      "Remarks_Base64": "VjM5M1UtMVgtQkdQLVVL",
      "Group": "MAYING",
      "SubTag": "spp",
      "Enable": true,
      "UdpOverTcp": false
    },
    {
      "Id": "cb79d0482d44441d89a4c2f6b8c89bbc",
      "server": "ijmazhr5972b.nodelist.club",
      "Server_Port": 1394,
      "Server_Udp_Port": 0,
      "Password": "MAYING",
      "Method": "chacha20-ietf",
      "Protocol": "auth_aes128_md5",
      "ProtocolParam": "12022:lzRhin",
      "obfs": "plain",
      "ObfsParam": "",
      "Remarks_Base64": "VjM5NFUtMVgtQkdQLURF",
      "Group": "MAYING",
      "SubTag": "spp",
      "Enable": true,
      "UdpOverTcp": false
    },
    {
      "Id": "746fb6b45ee2472c8aa2c110c2441c80",
      "server": "ijmazhr5972b.nodelist.club",
      "Server_Port": 1395,
      "Server_Udp_Port": 0,
      "Password": "MAYING",
      "Method": "chacha20-ietf",
      "Protocol": "auth_aes128_md5",
      "ProtocolParam": "12022:lzRhin",
      "obfs": "plain",
      "ObfsParam": "",
      "Remarks_Base64": "VjM5NVUtMVgtQkdQLVJV",
      "Group": "MAYING",
      "SubTag": "spp",
      "Enable": true,
      "UdpOverTcp": false
    },
    {
      "Id": "9d23c5f7c6ab4537ab65f9e5c1959671",
      "server": "ijmazhr5972b.nodelist.club",
      "Server_Port": 1399,
      "Server_Udp_Port": 0,
      "Password": "MAYING",
      "Method": "chacha20-ietf",
      "Protocol": "auth_aes128_md5",
      "ProtocolParam": "12022:lzRhin",
      "obfs": "plain",
      "ObfsParam": "",
      "Remarks_Base64": "5bqU5oCl57ut6LS56IqC54K5LTEwWA",
      "Group": "MAYING",
      "SubTag": "spp",
      "Enable": true,
      "UdpOverTcp": false
    }
  ],
  "Index": 38,
  "Random": false,
  "SysProxyMode": 3,
  "ShareOverLan": false,
  "LocalPort": 1080,
  "ReconnectTimes": 2,
  "BalanceType": 4,
  "RandomInGroup": true,
  "Ttl": 60,
  "ConnectTimeout": 5,
  "ProxyRuleMode": 0,
  "ProxyEnable": false,
  "PacDirectGoProxy": false,
  "ProxyType": 0,
  "ProxyHost": "",
  "ProxyPort": 1,
  "ProxyAuthUser": "",
  "ProxyAuthPass": "",
  "ProxyUserAgent": "",
  "AuthUser": "",
  "AuthPass": "",
  "AutoBan": false,
  "CheckSwitchAutoCloseAll": true,
  "LogEnable": true,
  "SameHostForSameTarget": true,
  "IsPreRelease": false,
  "AutoCheckUpdate": true,
  "LangName": "",
  "DnsClients": [
    {
      "Enable": true,
      "DnsType": 1,
      "Ipv6First": false,
      "DnsServer": "dns.rubyfish.cn",
      "Port": 853,
      "Timeout": 10000,
      "IsEDnsEnabled": false,
      "EcsIp": "8.8.8.8",
      "EcsSourceNetmask": 32,
      "EcsScopeNetmask": 0,
      "IsTcpEnabled": true,
      "IsUdpEnabled": true
    },
    {
      "Enable": true,
      "DnsType": 1,
      "Ipv6First": false,
      "DnsServer": "dns.alidns.com",
      "Port": 853,
      "Timeout": 10000,
      "IsEDnsEnabled": false,
      "EcsIp": "8.8.8.8",
      "EcsSourceNetmask": 32,
      "EcsScopeNetmask": 0,
      "IsTcpEnabled": true,
      "IsUdpEnabled": true
    },
    {
      "Enable": true,
      "DnsType": 1,
      "Ipv6First": false,
      "DnsServer": "dns.pub",
      "Port": 853,
      "Timeout": 10000,
      "IsEDnsEnabled": false,
      "EcsIp": "8.8.8.8",
      "EcsSourceNetmask": 32,
      "EcsScopeNetmask": 0,
      "IsTcpEnabled": true,
      "IsUdpEnabled": true
    },
    {
      "Enable": true,
      "DnsType": 0,
      "Ipv6First": false,
      "DnsServer": "223.5.5.5",
      "Port": 53,
      "Timeout": 10000,
      "IsEDnsEnabled": false,
      "EcsIp": "8.8.8.8",
      "EcsSourceNetmask": 32,
      "EcsScopeNetmask": 0,
      "IsTcpEnabled": true,
      "IsUdpEnabled": true
    },
    {
      "Enable": true,
      "DnsType": 0,
      "Ipv6First": false,
      "DnsServer": "119.29.29.29",
      "Port": 53,
      "Timeout": 10000,
      "IsEDnsEnabled": false,
      "EcsIp": "8.8.8.8",
      "EcsSourceNetmask": 32,
      "EcsScopeNetmask": 0,
      "IsTcpEnabled": true,
      "IsUdpEnabled": true
    },
    {
      "Enable": true,
      "DnsType": 0,
      "Ipv6First": false,
      "DnsServer": "114.114.114.114",
      "Port": 53,
      "Timeout": 10000,
      "IsEDnsEnabled": false,
      "EcsIp": "8.8.8.8",
      "EcsSourceNetmask": 32,
      "EcsScopeNetmask": 0,
      "IsTcpEnabled": true,
      "IsUdpEnabled": true
    },
    {
      "Enable": true,
      "DnsType": 1,
      "Ipv6First": false,
      "DnsServer": "dns.google",
      "Port": 853,
      "Timeout": 10000,
      "IsEDnsEnabled": false,
      "EcsIp": "8.8.8.8",
      "EcsSourceNetmask": 32,
      "EcsScopeNetmask": 0,
      "IsTcpEnabled": true,
      "IsUdpEnabled": true
    },
    {
      "Enable": true,
      "DnsType": 0,
      "Ipv6First": false,
      "DnsServer": "8.8.8.8",
      "Port": 53,
      "Timeout": 10000,
      "IsEDnsEnabled": false,
      "EcsIp": "8.8.8.8",
      "EcsSourceNetmask": 32,
      "EcsScopeNetmask": 0,
      "IsTcpEnabled": true,
      "IsUdpEnabled": true
    }
  ],
  "ServerSubscribes": [
    {
      "Url": "https://sub.ssr.sh/link/dWLt3i203IS0DklA?mu=1",
      "Tag": "spp",
      "LastUpdateTime": 1690307542,
      "AutoCheckUpdate": true,
      "ProxyType": 0
    }
  ],
  "PortMap": {}
}